# метка	FULL-19c8ae8d · читатель 0a84da47 · 400 · seed 5
es	немо	Pablo tiene 9 cartas, 5 huevos y 7 monedas. ¿cuántas cosas tiene Pablo en total?	21 cosas: 9 + 5 = 14, 14 + 7 = 21.	
de	немо	Anna hatte 78 Blumen. Anna gab 53 Blumen weg. wie viele Blumen bleiben übrig?	78 − 53 = 25. also ist die Antwort 25.	
nl	немо	Anna heeft 21 ballen, 25 pennen, 14 ballen. hoeveel dingen heeft Anna in totaal?	60 dingen: 21 + 25 = 46, 46 + 14 = 60.	
ru	немо	как читается $ \sum_{i=b}^{9} {19} $?	$ \sum_{i=b}^{9} {19} $ в словах есть сумма 19 по i от b до 9.	
de	немо	Jonas hat 20 rote Bälle und 8 blaue Bälle. wie viele Bälle hat Jonas im Ganzen?	28 Bälle: 20 + 8 = 28.	
ru	ложь	Анна имеет 38 рублей 80 копеек. сколько денег у Анны?	Анна имеет 38 рублей 80 копеек.	3880
fr	немо	Hugo avait 22 ballons. Hugo a donné 3 ballons. Hugo a 19 ballons. pourquoi ?	parce que Hugo en avait 22 et en a donné 3 : 22 − 3 = 19.	
it	немо	lunedì Marco ha messo 5 piatti sul tavolo. quanti piatti ha messo Marco sul tavolo lunedì?	5.	
es	немо	Luis tenía 16 flores. Luis dio 2 flores. Luis tiene 14 flores. ¿por qué?	porque Luis tenía 16 y dio 2: 16 − 2 = 14.	
en	верно	Hugo has 9 coins. Carla has 3 less coins than Hugo. how many coins does Carla save?	Carla saves 6 coins.	9 − 3 = 6
ru	немо	у Ани 18 яблок. у Ивана вчетверо больше яблок, чем у Ани. сколько яблок у Ивана?	4 × 18 = 72. значит ответ: 72.	
en	немо	two thirds of the players have a pen; 18 do not. how many players are there?	18 is one third of 54: 3 − 2 = 1, 18 ÷ 1 = 18, 18 × 3 = 54.	
en	верно	tara packed 5 yards. tara used 3 yards away. how many yards does tara keep?	tara keeps 2 yards: 5 − 3 = 2.	5 − 3 = 2
pt	немо	Pedro tem 15 bolas. ele deu 6 bolas. quantas lhe restam?	9 bolas: 15 − 6 = 9.	
en	верно	is the length of the vector (7, 24) a whole number?	yes: 7^2 + 24^2 = 625 = 25^2, the length is 25.	yes: 7^2 + 24^2 = 625 = 25^2, the length is 25
es	немо	Carlos tiene 18 bolígrafos. ¿es verdad?	sí, Carlos tiene 18 bolígrafos.	
en	верно	Dima had 11 balls. Dima gave 2 balls away. how many balls are left?	Dima keeps 9 balls.	11 − 2 = 9
en	немо	i am 12 years old. how old will i be in 5 years?	17 years old: 12 + 5 = 17.	
en	немо	Carla had 19 balls. Carla gave away 2 balls. Carla has 17 balls. why does Carla have 17 balls?	because Carla had 19 and gave away 2: 19 − 2 = 17.	
es	немо	Luis tiene 8 monedas. usted dijo que Luis tiene 12 monedas. ¿es cierto?	no, Luis tiene 8 monedas.	
it	немо	che cosa segue dal fatto che un numero è divisibile per 4?	se un numero è divisibile per 4, è divisibile per 2.	
ru	верно	чему равно 3 метра?	3 метра равно 300 сантиметров: 3 × 100 = 300.	3 метра равно 300 сантиметров: 3 × 100 = 300
en	немо	a driver earns 6 rubles every hour. how much does a driver earn in 6 hours?	in 6 hours a driver earns 36 rubles: 6 × 6 = 36.	
en	немо	Carla reads 5 degrees. Carla writes 3 degrees more. how many degrees does Carla own now?	Carla owns 8 degrees.	
en	верно	what is one fifth of 25?	one fifth of 25 is 5.	one fifth of 25 is 5: 25 ÷ 5 = 5, 5 × 1 = 5
it	немо	Matteo ha 40 mele. se ne dà 15, quante ne avrà?	25: 40 − 15 = 25.	
en	немо	there are twice as many adults as children. there are 57 people in all. how many adults are there?	1 + 2 = 3, 57 ÷ 3 = 19, 19 × 2 = 38. so the answer is 38.	
es	немо	Ana tiene 9 libros. ¿y Pablo?	Pablo tiene 5 libros.	
ru	ложь	Ира нашла 11 орехов. она потеряла 9 из них. сколько орехов у Иры?	11 − 9 = 2.	11 + 9 = 20
ru	немо	у Пети было 24 карты. Петя отдал 3 карты. у Пети 21 карта. почему?	потому что было 24, а отдано 3: 24 − 3 = 21.	
de	верно	was ist das Doppelte von 10?	20: 10 × 2 = 20.	20: 10 × 2 = 20
en	верно	Grace takes 7 days. Grace needs 3 days more. how many days does Grace own now?	Grace owns 10 days.	Grace owns 10 days
ru	немо	сколько лет будет Ане через 2 года?	Ане 10, значит через 2 года Ане будет 12.	
pl	немо	Zofia ma 4 książki, 48 kwiatów oraz 19 monet. ile rzeczy ma Zofia w sumie?	71 rzecz: 4 + 48 = 52, 52 + 19 = 71.	
en	немо	Felix has 4 more than three times the number of books Dima has. Felix has 61 books. how many books does Dima have?	61 − 4 = 57, 57 ÷ 3 = 19. so the answer is 19.	
ru	немо	кузнечик прыгнул на 18 шагов. мышь прыгнула на 9 шагов. на сколько меньше шагов прыгнула мышь, чем кузнечик?	18 − 9 = 9. значит ответ: 9.	
ru	немо	Марии 21 год. Вера вчетверо старше Марии. сколько лет будет Вере через 10 лет?	4 × 21 = 84, 84 + 10 = 94. значит ответ: 94.	
de	немо	Jonas zählt jeden Tag 15 Münzen. wie viele Münzen in 3 Tagen?	15 × 3 = 45. also ist die Antwort 45.	
pl	немо	Marek ma 25 piłek, 3 długopisy i 16 piłek. ile rzeczy ma Marek w sumie?	44 rzeczy: 25 + 3 = 28, 28 + 16 = 44.	
nl	немо	Sem had 16 ballen. Sem kreeg 1 bal. wat gebeurt er daarna?	Sem heeft 17 ballen: 16 + 1 = 17.	
other	немо	7 + 5 = 12. vous êtes sûr ?	oui : 12 − 5 = 7, donc 7 + 5 = 12.	
other	немо	come si può scrivere 4 + 4 + 4 in un altro modo?	3 × 4: sommare un numero tre volte significa prenderlo tre volte, ed entrambi sono 12.	
pl	немо	Anna ma 7 piłek. a Maria?	Maria ma 4 piłki.	
pl	немо	Piotr miał 16 piłek. Piotr oddał 1 piłka. Piotr ma 15 piłek. dlaczego tak myślisz?	bo było 16, a oddano 1: 16 − 1 = 15.	
es	немо	Elena tiene 27 huevos, 15 cartas, 20 manzanas. ¿cuántas cosas tiene Elena en total?	62 cosas: 27 + 15 = 42, 42 + 20 = 62.	
es	немо	Luis tenía 12 libros. Luis dio 4 libros. Luis tiene 8 libros. ¿por qué?	porque Luis tenía 12 y dio 4: 12 − 4 = 8.	
en	верно	the cat jumped 65 metres. the frog jumped 28 metres. how many fewer metres did the frog jump than the cat?	65 − 28 = 37. so the answer is 37.	65 − 28 = 37
en	немо	15 cars were in the parking lot. 8 more cars arrived. how many cars are in the parking lot now?	23 cars: 15 + 8 = 23.	
nl	верно	zijn 8 en 15 onderling ondeelbaar?	ja: de ggd van 8 en 15 is 1.	ja: de ggd van 8 en 15 is 1. their gcd is 1
ru	ложь	Вера собрала 27 яблок. потом она потеряла 13 из них. сколько яблок у Веры?	27 − 13 = 14.	27 + 13 = 40
en	немо	together Ann, Elena and Felix have 66 games. Ann has twice as many as Elena. Elena has 2 fewer than Felix. how many games does Ann have?	66 − 2 = 64, 2 + 1 + 1 = 4, 64 ÷ 4 = 16, 2 × 16 = 32. so the answer is 32.	
pl	немо	Paweł ma 6 jabłek. a gdyby było dwa razy więcej?	wtedy Paweł miałby 12 jabłek: 6 × 2 = 12.	
ru	немо	Иван купил 7 монет и 5 шариков в школе. сколько предметов купил Иван?	всего Иван купил 12 предметов: 7 + 5 = 12.	
pt	немо	3 é primo. 5 é primo. 7 é primo. segue-se que todo número ímpar maior que 1 é primo?	não: 9 não é primo, pois 9 = 3 × 3.	
de	немо	Jonas besitzt 6,40 Euro. er sparte 1,82 Euro. wie viel Geld hat er jetzt?	640 + 182 = 822 Cent. 822 Cent sind 8,22 Euro.	
ru	верно	Мария купила 19 яблок. она купила ещё 5. сколько яблок у Марии?	19 + 5 = 24.	19 + 5 = 24
en	верно	what is grid _____/___##/___#_/_____/_____ shifted down by 2?	grid _____/___##/___#_/_____/_____ shifted down by 2 is _____/_____/_____/___##/___#_.	_____/_____/_____/___##/___#_
en	немо	Grace has 4 eggs. Carla has 2 eggs more than Grace. how many eggs does Carla own now?	Carla owns 6 eggs: 4 + 2 = 6.	
nl	верно	Emma heeft 17 appels. ben je het ermee eens?	ja, ik ben het ermee eens: Emma heeft 17 appels.	17
en	немо	Grace has 27 cards and 141 coins. how many things does Grace have in all?	168 things: 27 + 141 = 168.	
en	немо	there are 6 calories in the basket. rosa took 4 calories. how many calories are there now?	6 − 4 = 2.	
de	немо	Paul hat 33 Eier plus 21 Münzen. wie viele Dinge hat Paul insgesamt?	54 Dinge: 33 + 21 = 54.	
en	верно	the dog flew 48 inches. the mouse flew 19 inches. how many fewer inches did the mouse fly than the dog?	48 − 19 = 29. so the answer is 29.	48 − 19 = 29
pt	верно	Maria tinha 45 flores. Maria vendeu 18 flores. quantas flores restam para Maria?	45 − 18 = 27. portanto a resposta é 27.	45 − 18 = 27
other	немо	Paul a 24 œufs. êtes-vous d'accord ?	oui, je suis d'accord : Paul a 24 œufs.	
en	немо	on monday Hugo ate 7 plums in the garden. what did Hugo eat in the garden on monday?	7 plums.	
en	немо	Cynthia has 15 pens. is it true that Cynthia has 19 pens?	no, Cynthia has 15 pens.	
fr	немо	Jules a 36 cartes, 6 œufs, 7 cartes. combien de choses a Jules en tout ?	49 choses : 36 + 6 = 42, 42 + 7 = 49.	
ru	немо	в комнате было 40 яблок. 14 яблок были красные. сколько яблок не были красными?	40 − 14 = 26. значит ответ: 26.	
it	немо	Chiara ha 27 palloni, 41 fiori più 8 libri. quante cose ha Chiara in tutto?	76 cose: 27 + 41 = 68, 68 + 8 = 76.	
nl	верно	Anna heeft 11 appels. bedoel je 11 appels?	ja, 11 appels.	11
pl	немо	Piotr ma 20 jabłek. czy chodzi ci o 20 jabłek?	tak, 20 jabłek.	
fr	немо	Léa a 23 cartes. qu'est-ce que tu as dit ?	je répète : Léa a 23 cartes.	
ru	немо	Лена сделала 24 отжимания. Мария сделала на 15 отжиманий больше, чем Лена. сколько отжиманий сделала Мария?	39: 24 + 15 = 39.	
fr	верно	Anne avait 45 fleurs. Anne a vendu 9 fleurs. combien de fleurs reste-t-il à Anne ?	45 − 9 = 36. donc la réponse est 36.	45 − 9 = 36
fr	немо	Léa a 30 fleurs rouges et 12 fleurs bleues. combien de fleurs Léa a-t-elle au total ?	42 fleurs : 30 + 12 = 42.	
en	верно	Dan had 90 eggs. Dan gave 57 eggs away. how many eggs are left?	90 − 57 = 33. so the answer is 33.	90 − 57 = 33
en	верно	what is hex 2a in decimal?	hex 2a is 42 in decimal.	hex 2a is 42 in decimal
nl	верно	Daan heeft 22 pennen. klopt het dat Daan 26 pennen heeft?	nee, Daan heeft 22 pennen.	22 + 22 = 44
ru	немо	у Ольги 7 монет. она отдала 2 монеты. сколько у неё осталось?	5 монет: 7 − 2 = 5.	
en	верно	Felix had 45 coins. Felix lost 24 coins. how many coins does Felix have left?	45 − 24 = 21. so the answer is 21.	45 − 24 = 21
it	верно	giovedì Matteo ha comprato 6 pere alla fiera. quante pere ha comprato Matteo alla fiera giovedì?	6.	6
de	немо	Anna hat 5 Münzen. stimmt es, dass Anna 9 Münzen hat?	nein, Anna hat 5 Münzen.	
pt	немо	João tem 16 flores. queres dizer 16 flores?	sim, 16 flores.	
pl	немо	Zofia ma 23 jabłka. ile ma Paweł?	Paweł ma 6 jabłek.	
en	немо	Felix has 7 flowers. Carla has 6 flowers. how many flowers do Felix and Carla hold altogether?	Felix and Carla hold 13 flowers.	
en	верно	Ava had 15 books. she gave some of them away. now she has 9 books left. how many books did she give away?	6: 15 − 9 = 6.	6: 15 − 9 = 6
en	немо	Dan has 18 pens, Dima has 4 pens. and if it were the other way round?	then Dan would have 4 pens and Dima would have 18 pens.	
en	верно	Tara has bought 3 books. Pia has bought 8 more books than Tara. how many books does Pia hold now?	Pia holds 11 books.	Pia holds 11 book
en	немо	there are 560 cards in the room. 55 of them are blue. how many are not blue?	560 − 55 = 505. so the answer is 505.	
nl	немо	op maandag at Bram 7 pruimen in de tuin. wat at Bram op maandag in de tuin?	7 pruimen.	
en	немо	Carla buys 8 cups at $4.60 each and 2 apples at $7.50 each. how much does she pay in all?	8 × 460 = 3680, 2 × 750 = 1500, 3680 + 1500 = 5180 cents. 5180 cents is $51.80.	
en	верно	Ann has 9 books. is that true?	yes, Ann has 9 books.	9
en	немо	Ben has 2 pages more than Elena. Elena has 4 pages. how many pages does Ben hold now?	Ben holds 6 pages: 4 + 2 = 6.	
en	верно	Grace has 2 fewer cookies than Carla. Carla has 10 cookies. how many cookies does Grace keep?	Grace keeps 8 cookies: 10 − 2 = 8.	10
ru	немо	у Ивана 178 яблок и 56 карт. сколько всего предметов у Ивана?	234 предмета: 178 + 56 = 234.	
de	немо	die Katze wog 46 Gramm und dann 14 Gramm. wie viel wog die Katze insgesamt?	60 Gramm: 46 + 14 = 60.	
en	немо	how many orders does arranging 7 items give?	arranging 7 items gives 5040 orders.	
en	немо	Ben has 5 apples. Grace has 1 apple fewer than Ben. how many apples does Grace keep?	Grace keeps 4 apples: 5 − 1 = 4.	
ru	ложь	у пии было 55 марок. пятая часть марок ушла. сколько марок осталось?	осталось 44 марки.	55
en	верно	Anna had 22 apples. Anna gave away 1 apple. Anna has 21 apples. why do you think so?	because Anna had 22 and gave away 1: 22 − 1 = 21.	22
en	верно	what is grid ___/#__/___ shifted right by 2?	grid ___/#__/___ shifted right by 2 is ___/__#/___.	___/__#/___
fr	верно	combien fait le produit de 8 et 5 ?	8 × 5 = 40.	8 × 5 = 40
pt	немо	Beatriz tem 17 maçãs. concorda?	sim, concordo: Beatriz tem 17 maçãs.	
en	верно	ida had 56 marbles. 1/2 of the marbles were sold. how many marbles are left?	28 marbles are left: 56 ÷ 2 = 28, 56 − 28 = 28.	56 × 1 = 56. 56 ÷ 2 = 28
ru	немо	у Ивана 17 яблок, 35 шаров и 4 карты. сколько всего предметов у Ивана?	56 предметов: 17 + 35 = 52, 52 + 4 = 56.	
ru	немо	у Оли 23 цветка. вы сказали, что у Оли 27 цветков. это верно?	нет, у Оли 23 цветка.	
en	верно	vera packed 7 gallons. vera used 1 gallon away. how many gallons does vera keep?	vera keeps 6 gallons: 7 − 1 = 6.	7 − 1 = 6
de	верно	welche Zahl kommt vor 8?	vor 8 kommt 7.	vor 8 kommt 7
pt	немо	Pedro tem 20 cartas. é verdade?	sim, Pedro tem 20 cartas.	
pt	немо	Rui tem 9 ovos mais 17 flores. quantas coisas Rui tem no total?	26 coisas: 9 + 17 = 26.	
de	немо	Lena hat 2 Münzen. Jonas hat viermal so viele Münzen wie Lena. wie viele Münzen hat Jonas?	4 × 2 = 8. also ist die Antwort 8.	
es	немо	Carlos tiene 40 manzanas rojas y 15 manzanas azules. ¿cuántas manzanas tiene Carlos en total?	55 manzanas: 40 + 15 = 55.	
en	верно	Anna has 22 apples. is that true?	yes, Anna has 22 apples.	22
ru	немо	у меня 2 яблока. я съем 1. сколько останется?	1: 2 − 1 = 1.	
nl	немо	op vrijdag las Bram 7 brieven op school. hoeveel brieven las Bram op vrijdag op school?	7.	
en	верно	pia picked 10 pieces. pia gave 4 pieces away. how many pieces does pia keep?	pia keeps 6 pieces: 10 − 4 = 6.	pia keeps 6 pieces: 10 − 4 = 6
en	немо	Elena has 1 more than twice as many books as Ben. Ben has 6 books. how many books does Elena own now?	Elena owns 13 books.	
pl	немо	Piotr ma 22 jajka. powiedział pan, że Piotr ma 26 jajek. czy to prawda?	nie, Piotr ma 22 jajka.	
en	верно	the cat jumped 65 inches. the mouse jumped 28 inches. how many fewer inches did the mouse jump than the cat?	65 − 28 = 37. so the answer is 37.	65 − 28 = 37
ru	немо	у Коли 18 страниц чтения и 11 страниц математики. сколько страниц у него всего?	29 страниц: 18 + 11 = 29.	
en	ложь	Ivan shared 6 coins among 3 friends. how many coins did each friend get?	each friend got 2 coins.	18
es	немо	Luis tiene 16 flores. ¿estás de acuerdo?	sí, estoy de acuerdo: Luis tiene 16 flores.	
en	немо	Cynthia has 13 flowers. Felix has 23 flowers. how many flowers do they have together?	13 + 23 = 36. so the answer is 36.	
ru	верно	помоги, пожалуйста: чему равно 100 умножить на 2?	100 × 2 = 200.	100 × 2 = 200. помоги, пожалуйста — это просьба
it	немо	Paolo ha 14 mele. è vero che Paolo ha 18 mele?	no, Paolo ha 14 mele.	
ru	немо	у Лены 10 книг. согласен ли ты?	да, я согласен: у Лены 10 книг.	
de	верно	wie viele Tage haben 3 Wochen?	21: 3 × 7 = 21.	21: 3 × 7 = 21
fr	верно	aidez-moi, s'il vous plaît : que font 18 divisé par 6 ?	18 ÷ 6 = 3.	18 ÷ 6 = 3
en	немо	what is (−3, −2) reflected in the y-axis?	(−3, −2) reflected in the y-axis is (3, −2): y stays, x changes sign.	
en	немо	Ben reads 8 pages. Ben writes 1 page more. how many pages does Ben own now?	Ben owns 9 pages: 8 + 1 = 9.	
en	верно	vera bought 10 pairs. vera got 4 pairs more. how many pairs does vera hold now?	vera holds 14 pairs: 10 + 4 = 14.	vera holds 14 pairs: 10 + 4 = 14
nl	немо	Daan heeft 12 eieren, 8 appels plus 5 munten. hoeveel dingen heeft Daan in totaal?	25 dingen: 12 + 8 = 20, 20 + 5 = 25.	
ru	немо	у Вани 5 чашек. согласны ли вы?	да, я согласен: у Вани 5 чашек.	
it	немо	Chiara ha 13 uova. quante ne ha Marco?	Marco ha 6 uova.	
other	немо	Léa a 17 pièces. vous voulez dire 17 pièces ?	oui, 17 pièces.	
en	верно	Carla takes 7 degrees. Carla drops 3 degrees away. how many degrees does Carla save?	Carla saves 4 degrees.	7 − 3 = 4
en	верно	the frog crawled 18 metres. the mouse crawled 9 metres. how many fewer metres did the mouse crawl than the frog?	18 − 9 = 9. so the answer is 9.	18 − 9 = 9
de	немо	Anna hat 13 Blumen. meinen Sie 13 Blumen?	ja, 13 Blumen.	
en	верно	sven counted 7 yards. sven found 1 yard more. how many yards does sven hold now?	sven holds 8 yards: 7 + 1 = 8.	sven holds 8 yards: 7 + 1 = 8
es	немо	en el parque había 12 flores y 11 libros. llegaron 2 flores más. ¿cuántas flores más que libros hay en el parque?	12 + 2 = 14, 14 − 11 = 3. así que la respuesta es 3.	
en	верно	the mouse swam 31 feet. the grasshopper swam 25 feet. how many more feet did the mouse swim than the grasshopper?	31 − 25 = 6. so the answer is 6.	31 − 25 = 6
ru	немо	у Вани 19 цветков, у Димы 5 цветков. что если наоборот?	тогда у Вани 5 цветков, а у Димы 19 цветков.	
de	немо	Emma heeft 5 pennen, Lotte heeft 4 pennen. en als het omgekeerd was?	dan zou Emma 4 pennen hebben en Lotte 5 pennen.	
en	верно	Grace has 5 tablespoons. Ben has 5 tablespoons. how many tablespoons do Grace and Ben own in all?	Grace and Ben own 10 tablespoons: 5 + 5 = 10.	5 + 5 = 10
pl	немо	Ewa miała 5 piłek. Ewa dostała 4 piłki. co dalej?	Ewa ma 9 piłek: 5 + 4 = 9.	
en	немо	Carla has 11 apples, Cynthia has 6 apples. what if it were the other way round?	then Carla would have 6 apples and Cynthia would have 11 apples.	
en	верно	what is 4 × 2 − 3?	4 × 2 − 3 = 5.	4 × 2 = 8. 8 − 3 = 5
ru	немо	что значит «#### stone {#stone-4}»?	заголовок может назвать свой якорь: к заголовку камень ведёт #stone-4.	
fr	верно	samedi Anne a mis 4 tasses dans le sac. qu'est-ce qu'Anne a mis dans le sac samedi ?	4 tasses.	4 tasses
fr	немо	Paul a 31 pommes, 45 œufs et 6 ballons. combien de choses a Paul en tout ?	82 choses : 31 + 45 = 76, 76 + 6 = 82.	
de	немо	Anna hatte 12 Apps auf dem Handy. sie fügte 5 neue Apps hinzu. wie viele Apps hat sie jetzt?	17: 12 + 5 = 17.	
en	верно	the kangaroo swam 18 feet. the dog swam 9 feet. how many more feet did the kangaroo swim than the dog?	18 − 9 = 9. so the answer is 9.	18 − 9 = 9
ru	немо	у Оли 35 ручек, 45 чашек, 8 ручек. сколько всего предметов у Оли?	88 предметов: 35 + 45 = 80, 80 + 8 = 88.	
es	немо	Diego tenía 10 huevos. Diego recibió 3 huevos. ¿qué pasa después?	Diego tiene 13 huevos: 10 + 3 = 13.	
de	немо	Paul hat 9 Münzen. er gab 4 Münzen weg. wie viele hat er noch?	5 Münzen: 9 − 4 = 5.	
nl	верно	Emma heeft 19 eieren. ben je het ermee eens?	ja, ik ben het ermee eens: Emma heeft 19 eieren.	19
en	верно	Carla has 9 meals. Hugo has 2 meals. how many meals do Carla and Hugo hold altogether?	Carla and Hugo hold 11 meals.	9 + 2 = 11
pt	верно	Anne avait 13 œufs. Anne a reçu 6 œufs de plus. combien d'œufs a Anne maintenant ?	13 + 6 = 19. donc la réponse est 19.	13 + 6 = 19
ru	немо	у Маши 28 монет и 54 ручки. сколько всего предметов у Маши?	82 предмета: 28 + 54 = 82.	
de	верно	vier Siebtel einer Zahl sind 36. welche Zahl ist es?	36 sind vier Siebtel von 63: 36 ÷ 4 = 9, 9 × 7 = 63.	36 sind vier Siebtel von 63: 36 ÷ 4 = 9, 9 × 7 = 63
de	немо	am Anfang hatte Max 40 Tassen. danach bekam er 15 mehr. wie viele Tassen hat er jetzt?	55: 40 + 15 = 55.	
pt	немо	Beatriz tem 40 canetas, 26 livros mais 7 maçãs. quantas coisas Beatriz tem no total?	73 coisas: 40 + 26 = 66, 66 + 7 = 73.	
en	немо	Ava has 15 balls together with 7 pens. how many things does Ava have in all?	22 things: 15 + 7 = 22.	
fr	немо	Hugo a 30 livres, 40 cartes ainsi que 19 pièces. combien de choses a Hugo en tout ?	89 choses : 30 + 40 = 70, 70 + 19 = 89.	
de	немо	fünf Neuntel der Arbeiter haben einen Stift; 64 haben keinen. wie viele Arbeiter gibt es?	64 sind vier Neuntel von 144: 9 − 5 = 4, 64 ÷ 4 = 16, 16 × 9 = 144.	
en	немо	Felix has 9 apples, Greg has 4 apples. and if it were the other way round?	then Felix would have 4 apples and Greg would have 9 apples.	
en	верно	Cynthia has 17 apples. is that true?	yes, Cynthia has 17 apples.	17
other	немо	Anne a 19 pommes. vous avez dit qu'Anne a 23 pommes. c'est vrai ?	non, Anne a 19 pommes.	
en	немо	Carla is three times older than Ben. together they are 32 years old. how old is Ben?	1 + 3 = 4, 32 ÷ 4 = 8. so the answer is 8.	
nl	немо	Luuk had 8 ballen. Luuk gaf 1 bal weg. Luuk heeft 7 ballen. waarom heeft Luuk 7 ballen?	omdat Luuk er 8 had en 1 weggaf: 8 − 1 = 7.	
en	немо	what is the determinant of the matrix [2 3; 4 2]?	the matrix [2 3; 4 2] has determinant -8: 2 × 2 = 4, 3 × 4 = 12, 4 − 12 = -8.	
pl	немо	Jan ma 22 długopisy. ile ma Piotr?	Piotr ma 3 długopisy.	
ru	немо	у Марии 13 книг. правда ли, что у Марии 17 книг?	нет, у Марии 13 книг.	
en	немо	Carla is twice as old as Dan. together they are 36 years old. how old is Dan?	1 + 2 = 3, 36 ÷ 3 = 12. so the answer is 12.	
it	немо	Giulia ha 18 fiori oltre a 58 palloni. quante cose ha Giulia in tutto?	76 cose: 18 + 58 = 76.	
en	верно	Carlos had 10 eggs. Carlos gave away 3 eggs. Carlos has 7 eggs. why do you think so?	because Carlos had 10 and gave away 3: 10 − 3 = 7.	10
en	немо	Hugo has 14 eggs. what if there were twice as many?	then Hugo would have 28 eggs: 14 × 2 = 28.	
pl	верно	Maria ma 11 monet. czy to prawda, że Maria ma 15 monet?	nie, Maria ma 11 monet.	11 + 11 = 22
en	немо	Hugo has 7 apples. Elena has 2 more apples than Hugo. how many apples does Elena hold now?	Elena holds 9 apples: 7 + 2 = 9.	
ru	немо	у Веры 32 книги, 52 ручки, 11 книг. сколько всего предметов у Веры?	95 предметов: 32 + 52 = 84, 84 + 11 = 95.	
en	верно	the dog swam 27 inches. the frog swam 12 inches. how many more inches did the dog swim than the frog?	27 − 12 = 15. so the answer is 15.	27 − 12 = 15
en	немо	Dan paid 600 cents for a apple that costs 410 cents. how much change did Dan get?	600 − 410 = 190 cents.	
nl	немо	de kat woog 46 gram en daarna 14 gram. hoeveel woog de kat in totaal?	60 gram: 46 + 14 = 60.	
pl	немо	Jan ma 16 jajek. a gdyby było dwa razy więcej?	wtedy Jan miałby 32 jajka: 16 × 2 = 32.	
it	немо	sullo scaffale c'erano 8 uova e 70 mele. adesso ci sono 18 uova e 96 mele sullo scaffale. quante uova hanno aggiunto?	18 − 8 = 10. quindi la risposta è 10.	
de	немо	Felix hat 30 Blumen, 46 Bälle, 1 Stift. wie viele Dinge hat Felix insgesamt?	77 Dinge: 30 + 46 = 76, 76 + 1 = 77.	
pt	верно	8 é um número par ou ímpar?	par: 8 = 2 × 4.	par: 8 = 2 × 4
en	немо	Hugo has 41 eggs, 49 books as well as 4 cards. how many things does Hugo have in all?	94 things: 41 + 49 = 90, 90 + 4 = 94.	
de	немо	Paul hat 36 Blumen, 22 Eier und 13 Münzen. wie viele Dinge hat Paul insgesamt?	71 Dinge: 36 + 22 = 58, 58 + 13 = 71.	
pt	немо	na prateleira havia 10 flores. tiraram 8 flores. quantas flores há agora?	10 − 8 = 2. portanto a resposta é 2.	
en	верно	Carla takes 11 days. Carla needs 2 days more. how many days does Carla own now?	Carla owns 13 days.	Carla owns 13 days
en	немо	Ava had 15 books. Ava gave away 1 book. Ava has 14 books. why does Ava have 14 books?	because Ava had 15 and gave away 1: 15 − 1 = 14.	
en	верно	Ava had 65 balls. Ava got 4 balls more. how many balls does Ava have now?	65 + 4 = 69. so the answer is 69.	65 + 4 = 69
en	немо	how many bits does a sign of an alphabet of 16 signs cost?	a sign of an alphabet of 16 signs costs 4 bits: 2^4 = 16.	
ru	немо	Том заплатил 500 копеек, а яблоко стоила 330 копеек. сколько сдачи получил Том?	500 − 330 = 170 копеек.	
ru	верно	чему равна медиана 2 8 5?	медиана 2 8 5 равна 5.	5
en	верно	the dog swam 31 feet. the frog swam 25 feet. how many more feet did the dog swim than the frog?	31 − 25 = 6. so the answer is 6.	31 − 25 = 6
de	немо	Paul hat 24 Bälle, 22 Karten, 3 Blumen. wie viele Dinge hat Paul insgesamt?	49 Dinge: 24 + 22 = 46, 46 + 3 = 49.	
en	верно	what does sorting 8 3 5 1 9 give?	sorting 8 3 5 1 9 gives 1 3 5 8 9.	9
ru	немо	у Ивана 24 цветка да 48 чашек. сколько всего предметов у Ивана?	72 предмета: 24 + 48 = 72.	
en	немо	in 9 years Carlos will be 35 years old. how old is Carlos now?	35 − 9 = 26. so the answer is 26.	
ru	немо	у меня 9 шаров, у тебя 6 шаров. на сколько у меня больше?	на 3: 9 − 6 = 3.	
ru	немо	лягушка прыгнула на 8 сантиметров, потом ещё на 8 сантиметров. на сколько сантиметров прыгнула лягушка всего?	на 16 сантиметров: 8 + 8 = 16.	
en	верно	Carla has 30 red flowers and 12 blue flowers. how many flowers does Carla have?	a total of 42 flowers: 30 + 12 = 42.	30 + 12 = 42
nl	немо	Daan heeft 22 ballen, 44 munten, 17 eieren. hoeveel dingen heeft Daan in totaal?	83 dingen: 22 + 44 = 66, 66 + 17 = 83.	
de	немо	am Anfang hatte Lena 15 Bücher. danach bekam sie 6 mehr. wie viele Bücher hat sie jetzt?	21: 15 + 6 = 21.	
en	немо	Cynthia has $75. she earns $30 per day. a guitar costs $855. how many days does she need?	855 − 75 = 780, 780 ÷ 30 = 26. so the answer is 26.	
pl	немо	Paweł miał 10 kwiatów. Paweł oddał 3 kwiaty. Paweł ma 7 kwiatów. dlaczego Paweł ma 7 kwiatów?	ponieważ Paweł miał 10 i oddał 3: 10 − 3 = 7.	
en	немо	Dima has 17 flowers. you said that Dima has 21 flowers. is that right?	no, Dima has 17 flowers.	
es	немо	Diego tiene 14 manzanas. usted dijo que Diego tiene 18 manzanas. ¿es cierto?	no, Diego tiene 14 manzanas.	
en	немо	Ben has 2 cookies more than Elena. Elena has 7 cookies. how many cookies does Ben hold now?	Ben holds 9 cookies: 7 + 2 = 9.	
ru	немо	сколько бит стоит слово из 1 знак алфавита в 2 знака?	слово из 1 знак алфавита в 2 знака стоит 1 бит.	
de	немо	Felix hat 8 Blumen. und wenn es doppelt so viele wären?	dann hätte Felix 16 Blumen: 8 × 2 = 16.	
es	немо	Pablo tiene 15 cartas, 59 libros más 10 monedas. ¿cuántas cosas tiene Pablo en total?	84 cosas: 15 + 59 = 74, 74 + 10 = 84.	
ru	немо	у Коли 7 книг. что ты сказал?	повторяю: у Коли 7 книг.	
en	немо	Dan has double the amount of pages that Ava has. Ava has 5 pages. how many pages does Dan own now?	Dan owns 10 pages: 5 × 2 = 10.	
es	немо	Elena tiene 23 monedas. ¿y si hubiera el doble?	entonces Elena tendría 46 monedas: 23 × 2 = 46.	
pt	верно	no quarto havia 20 canetas e 28 livros. agora há 26 canetas e 64 livros no quarto. quantos livros a mais que canetas há agora?	64 − 26 = 38. portanto a resposta é 38.	64 − 26 = 38
nl	верно	hoeveel maanden is 6 jaar?	6 jaar is 72 maanden: 6 × 12 = 72.	6 jaar is 72 maanden: 6 × 12 = 72
pt	немо	Pedro tinha 20 cartas. Pedro deu 3 cartas. Pedro tem 17 cartas. porque é que Pedro tem 17 cartas?	porque Pedro tinha 20 e deu 3: 20 − 3 = 17.	
ru	немо	вместе у Коли, Димы и Ивана 14 монет. у Коли вдвое больше, чем у Димы. у Димы на 2 монеты больше, чем у Ивана. сколько монет у Димы?	14 + 2 = 16, 2 + 1 + 1 = 4, 16 ÷ 4 = 4. значит ответ: 4.	
en	верно	Vera has spent 1 dollar. Sven has spent 6 more dollars than Vera. how many dollars does Sven hold now?	Sven holds 7 dollars: 6 + 1 = 7.	Sven holds 7 dollars: 6 + 1 = 7
en	немо	Grace has 6 eggs. Dan has 1 more than twice the number of eggs that Grace has. how many eggs does Dan hold now?	Dan holds 13 eggs: 6 × 2 = 12, 12 + 1 = 13.	
fr	немо	Jules a 9 pommes, 9 livres et 9 œufs. combien de choses a Jules en tout ?	27 choses : 9 + 9 = 18, 18 + 9 = 27.	
en	немо	Janet and Misha bought 6 pencils. later they bought 3 more. how many pencils do Janet and Misha have?	6 + 3 = 9.	
en	верно	Cynthia had 7 books. Cynthia gave away 1 book. Cynthia has 6 books. why do you think so?	because Cynthia had 7 and gave away 1: 7 − 1 = 6.	7
ru	немо	у Оли 15 монет. согласен ли ты?	да, я согласен: у Оли 15 монет.	
en	немо	Ava has 4 coins. Elena has 2 times as many coins as Ava. how many coins does Elena own now?	Elena owns 8 coins.	
en	верно	omar made 4 pages. omar sold 2 of them. then omar made 2 pages. how many more pages did omar make than sell?	4 + 2 = 6, 6 − 2 = 4.	6 − 2 = 4
en	ложь	why is 4 a root of x^2 - 4 x = 0?	because 16 - 16 = 0: 4 turns the left side into 0. a root of an equation is a value that turns it into a true equality.	— это значение, обращающее его в верное равенство / equality
de	немо	Lena hat 11 Münzen. stimmen Sie zu?	ja, ich stimme zu: Lena hat 11 Münzen.	
ru	немо	в классе 43 ученика. вошли ещё 21 ученик. сколько учеников в классе теперь?	64 ученика: 43 + 21 = 64.	
it	немо	Matteo aveva 24 app sul telefono. ha aggiunto 15 nuove app. quante app ha adesso?	39: 24 + 15 = 39.	
en	немо	what are the roots of x^2 - 7 x - 78 = 0?	x^2 - 7 x - 78 = 0 factors as ( x + 6 ) ( x - 13 ): -6 + 13 = 7 and -6 * 13 = -78; the roots are -6 and 13.	
pt	немо	Pedro tem 8 maçãs. é verdade?	sim, Pedro tem 8 maçãs.	
pl	немо	Maria ma 23 karty. powiedział pan, że Maria ma 27 kart. czy to prawda?	nie, Maria ma 23 karty.	
fr	немо	Anne trie 35 ballons chaque jour. combien de jours pour 315 ballons ?	315 ÷ 35 = 9. donc la réponse est 9.	
en	верно	Peter had 20 coins. then he lost 17 of them. how many coins does Peter hold?	20 − 17 = 3.	20 − 17 = 3
it	немо	Anna ha 17 penne. è vero?	sì, Anna ha 17 penne.	
de	немо	Anna hatte 13 Blumen. Anna gab 1 Blume weg. Anna hat 12 Blumen. warum?	weil Anna 13 hatte und 1 weggab: 13 − 1 = 12.	
en	верно	Ava has 15 red books and 6 blue books. how many books does Ava have?	a total of 21 books: 15 + 6 = 21.	15 + 6 = 21
it	немо	Anna ha 32 penne, 8 uova oltre a 3 fiori. quante cose ha Anna in tutto?	43 cose: 32 + 8 = 40, 40 + 3 = 43.	
de	немо	Laura hat 24 Bücher sowie 40 Tassen. wie viele Dinge hat Laura insgesamt?	64 Dinge: 24 + 40 = 64.	
en	немо	Elena has 2 coins. Ava has 2 times the number of coins that Elena has. how many coins does Ava hold now?	Ava holds 4 coins.	
en	немо	Pia found 19 nuts. she found 7 more. how many nuts does Pia have in total?	19 + 7 = 26.	
en	немо	Ava has 4 apples. Dan has 2 times the number of apples that Ava has. how many apples does Dan hold now?	Dan holds 8 apples: 4 × 2 = 8.	
en	верно	Ava has 5 days. Elena has 6 days. how many days do they hold in all?	Ava and Elena hold 11 days.	5 + 6 = 11
ru	немо	у Лены 6 монет. правда ли это?	да, у Лены 6 монет.	
ru	немо	Вера и Ваня купили 29 печений. они купили ещё 13. сколько печений у Веры и Вани?	29 + 13 = 42.	
en	немо	Carlos has 17 balls along with 35 eggs. how many things does Carlos have in all?	52 things: 17 + 35 = 52.	
en	немо	Elena has 24 pens. is it true that Elena has 28 pens?	no, Elena has 24 pens.	
fr	немо	dans la boîte il y avait 48 pièces. on a enlevé 20 pièces. combien de pièces y a-t-il maintenant ?	48 − 20 = 28. donc la réponse est 28.	
en	верно	Grace has 7 eggs. Dan has 3 eggs less than Grace. how many eggs does Dan save?	Dan saves 4 eggs: 7 − 3 = 4.	7 − 3 = 4
ru	немо	Анна вдвое старше Марии. Марии 5 лет. сколько лет Анне?	2 × 5 = 10. значит ответ: 10.	
ru	немо	у Ани 18 яблок, у Димы 5 яблок. что если наоборот?	тогда у Ани 5 яблок, а у Димы 18 яблок.	
fr	немо	dans le jardin il y avait 42 œufs. on a enlevé 38 œufs. combien d'œufs y a-t-il maintenant ?	42 − 38 = 4. donc la réponse est 4.	
pl	немо	Piotr ma 14 monet. czy chodzi ci o 14 monet?	tak, 14 monet.	
pl	немо	Zofia ma 9 kwiatów, 9 monet, 14 kart. ile rzeczy ma Zofia w sumie?	32 rzeczy: 9 + 9 = 18, 18 + 14 = 32.	
en	верно	Carla has 19 balls. is that true?	yes, Carla has 19 balls.	19
ru	немо	у Лены 14 цветков. правда ли, что у Лены 18 цветков?	нет, у Лены 14 цветков.	
pt	немо	à l'origine Paul avait 9 cartes. plus tard il en a reçu 4 de plus. combien de cartes a-t-il maintenant ?	13 : 9 + 4 = 13.	
ru	немо	Коля вдвое старше Вани. вместе им 12 лет. сколько лет Ване?	1 + 2 = 3, 12 ÷ 3 = 4. значит ответ: 4.	
en	верно	Carlos has 14 apples. what did you say?	i repeat: Carlos has 14 apples.	14
en	немо	Carlos has 24 books. is it true that Carlos has 28 books?	no, Carlos has 24 books.	
ru	немо	Коля вчетверо старше Марии. вместе им 40 лет. сколько лет Марии?	1 + 4 = 5, 40 ÷ 5 = 8. значит ответ: 8.	
ru	немо	у Веры 18 книг. сколько у Коли?	у Коли 4 книги.	
en	немо	Ann has 3 pages, and Tom has 2 pages. how many more pages does Ann have than Tom?	Ann has 1 more page than Tom.	
ru	немо	у Ани было 16 цветков. Аня отдала 2 цветка. у Ани 14 цветков. почему?	потому что было 16, а отдано 2: 16 − 2 = 14.	
pt	немо	Maria tem 11 moedas, Pedro tem 5 moedas. e se fosse ao contrário?	então Maria teria 5 moedas e Pedro teria 11 moedas.	
es	немо	Luis tiene 16 flores. ¿qué has dicho?	repito: Luis tiene 16 flores.	
en	немо	Dan has 4 points. Grace has 3 more than twice as many points as Dan. how many points does Grace own now?	Grace owns 11 points.	
en	верно	Grace makes 10 minutes. Grace uses 3 minutes away. how many minutes does Grace keep?	Grace keeps 7 minutes.	10 − 3 = 7
de	немо	Mia hat 7 Eier, Max hat 4 Eier. und wenn es umgekehrt wäre?	dann hätte Mia 4 Eier und Max 7 Eier.	
it	немо	Marco ha 19 mele oltre a 21 uova. quante cose ha Marco in tutto?	40 cose: 19 + 21 = 40.	
en	верно	the grasshopper ran 31 inches. the kangaroo ran 25 inches. how many fewer inches did the kangaroo run than the grasshopper?	31 − 25 = 6. so the answer is 6.	31 − 25 = 6
en	немо	what does «    mountain = 4» mean?	four leading spaces make a code block: the text mountain = 4 is code and is not formatted.	
es	немо	Marta tenía 13 balones. Marta dio 4 balones. Marta tiene 9 balones. ¿por qué Marta tiene 9 balones?	porque Marta tenía 13 y dio 4: 13 − 4 = 9.	
ru	немо	Лена сделала 24 отжимания. Мария сделала на 15 отжиманий меньше, чем Лена. сколько отжиманий сделала Мария?	9: 24 − 15 = 9.	
de	немо	Anna hat 13 Blumen. stimmen Sie zu?	ja, ich stimme zu: Anna hat 13 Blumen.	
ru	ложь	у пии было 36 монет. четверть монет ушла. сколько монет осталось?	осталось 27 монет.	36
it	немо	io ho 9 palle, tu hai 6 palle. quante ne ho in più?	3 in più: 9 − 6 = 3.	
fr	немо	Hugo a 22 livres et 12 pièces. combien de choses a Hugo en tout ?	34 choses : 22 + 12 = 34.	
ru	немо	в книге 2 главы. в первой главе 24 страницы, во второй — 15 страниц. сколько страниц в книге всего?	39: 24 + 15 = 39.	
ru	верно	сколько закрашенных соседей по стороне у клетки (1, 1) в сетке ##_/#_#/_#_?	закрашенные соседи (2, 1), (1, 2): 2.	2
it	немо	un gatto ha 4 zampe. quante zampe ha un gatto?	4 zampe.	
nl	немо	op donderdag at Daan 2 pruimen in de keuken. wat at Daan op donderdag in de keuken?	2 pruimen.	
en	немо	8 balls cost 64 cards. how many cards does one ball cost?	64 ÷ 8 = 8. so the answer is 8.	
pt	немо	João tinha 37 moedas. João recebeu mais 4 moedas. quantas moedas João tem agora?	37 + 4 = 41. portanto a resposta é 41.	
pl	немо	Anna miała 17 kart. Anna dostała 3 karty. co dalej?	Anna ma 20 kart: 17 + 3 = 20.	
en	немо	Dima has $15.85. he paid $10.87. how much money is left?	1585 − 1087 = 498 cents. 498 cents is $4.98.	
fr	немо	un vélo a 2 roues. combien de roues a un vélo ?	2 roues.	
en	немо	Ben has 4 eggs. Grace has 2 more eggs than Ben. how many eggs does Grace hold now?	Grace holds 6 eggs: 4 + 2 = 6.	
it	немо	Chiara ha 7 palloni, 39 fiori oltre a 4 monete. quante cose ha Chiara in tutto?	50 cose: 7 + 39 = 46, 46 + 4 = 50.	
pt	немо	Maria tem 5 maçãs. o que disseste?	repito: Maria tem 5 maçãs.	
en	верно	what is the average of 1, 2, 3, 4, 5?	the average of 1, 2, 3, 4, 5 is 3: 1 + 2 + 3 + 4 + 5 = 15, there are 5 of them, 15 ÷ 5 = 3.	3
es	немо	Luis tiene 22 manzanas. ¿es verdad que Luis tiene 26 manzanas?	no, Luis tiene 22 manzanas.	
fr	немо	Léa a 19 ballons. est-il vrai que Léa a 23 ballons ?	non, Léa a 19 ballons.	
ru	немо	Аня заплатила 200 копеек, а книга стоила 80 копеек. сколько сдачи получила Аня?	200 − 80 = 120 копеек.	
ru	немо	Оля заплатила 300 копеек, а чашка стоила 185 копеек. сколько сдачи получила Оля?	300 − 185 = 115 копеек.	
en	немо	Dima has 2 fewer than four times the number of coins Anna has. Dima has 26 coins. how many coins does Anna have?	26 + 2 = 28, 28 ÷ 4 = 7. so the answer is 7.	
pl	верно	w poniedziałek Ewa zjadła 7 ciastek w ogrodzie. co zjadła Ewa w ogrodzie w poniedziałek?	7 ciastek.	7
ru	ложь	почему −4 — корень x² + 6x + 8 = 0?	потому что 16 − 24 + 8 = 0: −4 обращает левую часть в 0. корень уравнения — это значение, обращающее его в верное равенство.	— это значение, обращающее его в верное равенство / equality
fr	немо	Jules a 16 œufs. qu'est-ce que tu as dit ?	je répète : Jules a 16 œufs.	
de	немо	Mia hatte 21 Bücher. Mia bekam 3 Bücher. was kommt dann?	Mia hat 24 Bücher: 21 + 3 = 24.	
pt	немо	Maria tinha 15 livros. Maria recebeu 1 livro. o que acontece a seguir?	Maria tem 16 livros: 15 + 1 = 16.	
ru	немо	собак вдвое меньше, чем кошек. всего животных 99. сколько собак?	1 + 2 = 3, 99 ÷ 3 = 33. значит ответ: 33.	
ru	верно	чему равна сумма 8 3 5 1 9?	сумма 8 3 5 1 9 равна 26.	26
en	немо	Ann had 11 cards. Ann got 4 cards. what happens next?	Ann has 15 cards: 11 + 4 = 15.	
pt	немо	Rui tinha 6 moedas. Rui recebeu 4 moedas. o que acontece a seguir?	Rui tem 10 moedas: 6 + 4 = 10.	
en	верно	umar picked 6 pieces. umar gave 4 pieces away. how many pieces does umar keep?	umar keeps 2 pieces: 6 − 4 = 2.	umar keeps 2 pieces: 6 − 4 = 2
other	немо	Paolo ha 10 uova. e se fossero il doppio?	allora Paolo avrebbe 20 uova: 10 × 2 = 20.	
en	немо	ben je het ermee eens dat 100 plus 1 101 is?	ja, 100 + 1 = 101.	
en	верно	Ava has 19 flowers. do you agree?	yes, i agree: Ava has 19 flowers.	19
ru	немо	у Димы 7 яблок, у Лены 4 яблока. а если наоборот?	тогда у Димы 4 яблока, а у Лены 7 яблок.	
ru	немо	какова заглавная латинская буква S глифом 5×7?	заглавная латинская буква S глифом 5×7 — _####/#____/#____/_###_/____#/____#/####_.	
en	немо	Dan has 4 apples. Grace has 2 times as many apples as Dan. how many apples does Grace hold now?	Grace holds 8 apples: 4 × 2 = 8.	
en	немо	Dan has 5 points. Grace has 2 points less than Dan. how many points does Grace save?	Grace saves 3 points.	
pt	немо	Rui tem 8 bolas, João tem 3 bolas. o que aconteceria se fosse ao contrário?	então Rui teria 3 bolas e João teria 8 bolas.	
pl	немо	Piotr ma 20 jabłek. czy to prawda, że Piotr ma 24 jabłka?	nie, Piotr ma 20 jabłek.	
es	немо	Carlos tiene 33 balones, 31 libros así como 4 monedas. ¿cuántas cosas tiene Carlos en total?	68 cosas: 33 + 31 = 64, 64 + 4 = 68.	
it	немо	Sara ha 9 penne. cosa hai detto?	ripeto: Sara ha 9 penne.	
ru	верно	если Маша имеет 9 монет, а Лена имеет 9 монет, сколько монет у них всего?	9 + 9 = 18. значит ответ: 18.	9 + 9 = 18
pl	немо	Zofia ma 23 jabłka. czy się zgadzasz?	tak, zgadzam się: Zofia ma 23 jabłka.	
de	немо	Anna hat 9 Bücher. stimmst du zu?	ja, ich stimme zu: Anna hat 9 Bücher.	
it	немо	Matteo ha 6 monete. è vero?	sì, Matteo ha 6 monete.	
en	верно	how many filled side-neighbours does cell (1, 2) in grid ###/___/__# have?	filled neighbours (1, 3), (1, 1): 2.	2
ru	верно	у Пети было 37 монет. Петя получил ещё 4 монеты. сколько монет у Пети теперь?	37 + 4 = 41. значит ответ: 41.	37 + 4 = 41
en	верно	Elena had 9 weeks. Elena sold 1 week away. how many weeks does Elena save?	Elena saves 8 weeks: 9 − 1 = 8.	9 − 1 = 8
pl	немо	Piotr ma 15 jabłek, 59 książek plus 10 monet. ile rzeczy ma Piotr w sumie?	84 rzeczy: 15 + 59 = 74, 74 + 10 = 84.	
ru	немо	сколько будет шестая часть от 120?	шестая часть от 120 — это 20: 120 ÷ 6 = 20.	
en	верно	umar picked 6 apps. umar gave 4 apps away. how many apps does umar keep?	umar keeps 2 apps: 6 − 4 = 2.	umar keeps 2 apps: 6 − 4 = 2
ru	немо	у Ани 14 ручек, 54 монеты да 3 чашки. сколько всего предметов у Ани?	71 предмет: 14 + 54 = 68, 68 + 3 = 71.	
ru	немо	вместе у Анны, Веры и Оли 72 игры. у Анны вдвое больше, чем у Веры. у Веры на 8 игр меньше, чем у Оли. сколько игр у Оли?	72 − 8 = 64, 2 + 1 + 1 = 4, 64 ÷ 4 = 16, 16 + 8 = 24. значит ответ: 24.	
en	немо	Carlos has 6 cards. you said that Carlos has 10 cards. is that right?	no, Carlos has 6 cards.	
en	немо	2 doctors and 1 neighbour came to the school. how many people came to the school?	3 people came to the school in all.	
en	верно	what is grid _____/_____/_#___/_##__/_____ shifted up by 2?	grid _____/_____/_#___/_##__/_____ shifted up by 2 is _#___/_##__/_____/_____/_____.	_#___/_##__/_____/_____/_____
nl	немо	Daan had 10 ballen. Daan gaf 3 ballen weg. Daan heeft 7 ballen. waarom heeft Daan 7 ballen?	omdat Daan er 10 had en 3 weggaf: 10 − 3 = 7.	
de	немо	das Känguru wog 31 Gramm. wie viel wog das Känguru?	31 Gramm.	
fr	немо	Anne a 5 pièces. et s'il y en avait deux fois plus ?	alors Anne aurait 10 pièces : 5 × 2 = 10.	
ru	верно	какой станет сетка __#__/__##_/_____/_____/_____ после сдвига влево на 2?	сетка __#__/__##_/_____/_____/_____ после сдвига влево на 2 — #____/##___/_____/_____/_____.	#____/##___/_____/_____/_____
en	верно	the cat walked 65 metres. the dog walked 28 metres. how many more metres did the cat walk than the dog?	65 − 28 = 37. so the answer is 37.	65 − 28 = 37
en	верно	sara sold 8 books. how many books did sara sell?	sara sold 8 books.	sara sold 8 books
ru	немо	у Анны 7 шаров а также 39 цветков. сколько всего предметов у Анны?	46 предметов: 7 + 39 = 46.	
en	немо	Rosa ordered 9 books. Rosa ordered 4 books more. how many books does Rosa hold now?	Rosa holds 13 books.	
en	немо	Ann works 42 hours and Mark works 6 hours; how many times as many hours does Ann work as Mark?	42 ÷ 6 = 7.	
es	немо	es gab 51 Tassen im Hof. 20 Tassen wurden weggenommen. wie viele Tassen sind jetzt da?	51 − 20 = 31. also ist die Antwort 31.	
pl	немо	Piotr ma 14 monet. a Zofia?	Zofia ma 6 monet.	
ru	верно	у Оли было 7 монет. Оля взяла 6 монет. сколько монет стало у Оли?	у Оли стало 13 монет.	у Оли стало 13 монет
en	немо	Ida buys 2 apples, 4 pens and 6 books. one apple costs 4.60 dollars, one pen costs 4.70 dollars, one book costs 9.20 dollars. how much does she pay in all?	2 × 460 = 920, 4 × 470 = 1880, 6 × 920 = 5520, 920 + 1880 = 2800, 2800 + 5520 = 8320 cents. 8320 cents is 83.20 dollars.	
es	немо	en la valla había 30 manzanas y 3 monedas. llegaron 6 manzanas más. ¿cuántas manzanas y monedas hay en la valla?	30 + 6 = 36, 36 + 3 = 39. así que la respuesta es 39.	
ru	немо	у Пети 24 карты. вы сказали, что у Пети 28 карт. это верно?	нет, у Пети 24 карты.	
en	немо	Greg holds $7.45. he buys a pen for $3.37. how much money does he have now?	745 − 337 = 408 cents. 408 cents is $4.08.	
en	верно	ivan took 7 coins. ivan took 1 coin more. how many coins did ivan take in all?	ivan took 8 coins: 7 + 1 = 8.	ivan took 8 coins: 7 + 1 = 8
en	немо	Grace has 8 eggs. you said that Grace has 12 eggs. is that right?	no, Grace has 8 eggs.	
ru	немо	Ваня втрое старше Лены. Лене 5 лет. сколько лет Ване?	3 × 5 = 15. значит ответ: 15.	
ru	немо	Анна вдвое старше Веры. вместе им 12 лет. сколько лет Вере?	1 + 2 = 3, 12 ÷ 3 = 4. значит ответ: 4.	
pt	немо	Tiago tem 14 maçãs. quantas tem Rui?	Rui tem 3 maçãs.	
pt	немо	João tem 2 moedas, 2 bolas, 1 livro. quantas coisas João tem no total?	5 coisas: 2 + 2 = 4, 4 + 1 = 5.	
nl	верно	Emma had 15 boeken. zij gaf er een paar weg. nu heeft zij er nog 9. hoeveel boeken gaf zij weg?	6: 15 − 9 = 6.	6: 15 − 9 = 6
es	немо	¿son 9 × 2 y 9 + 2 lo mismo?	no: 9 × 2 = 18, y 9 + 2 = 11.	
en	верно	Ann had 14 pages and used 4 pages. how many pages remain?	10 pages remain.	14 − 4 = 10
en	верно	Dan has 6 feet. Grace has 3 feet. how many feet do Dan and Grace hold altogether?	Dan and Grace hold 9 feet: 6 + 3 = 9.	6 + 3 = 9
es	верно	Elena tenía 90 flores. Elena regaló 71 flores. ¿cuántas flores quedan?	90 − 71 = 19. así que la respuesta es 19.	90 − 71 = 19
nl	немо	Sanne heeft 15 boeken, 5 eieren, 8 bloemen. hoeveel dingen heeft Sanne in totaal?	28 dingen: 15 + 5 = 20, 20 + 8 = 28.	
fr	немо	Claire avait 5 ballons. Claire a donné 4 ballons. Claire a 1 ballon. pourquoi ?	parce que Claire en avait 5 et en a donné 4 : 5 − 4 = 1.	
en	ложь	tara counted 30 pens. tara counted 6 more pens. 1/3 of the pens had gone. how many pens remain?	24 pens remain: 30 + 6 = 36, 36 ÷ 3 = 12, 36 − 12 = 24.	30 + 6 = 36. 36 × 2 = 72. 72 ÷ 3 = 24
it	немо	Sara ha 19 palloni. cosa hai detto?	ripeto: Sara ha 19 palloni.	
en	верно	the grasshopper ran 73 inches. the cat ran 41 inches. how many more inches did the grasshopper run than the cat?	73 − 41 = 32. so the answer is 32.	73 − 41 = 32
ru	немо	у Ани 16 цветков. согласны ли вы?	да, я согласен: у Ани 16 цветков.	
nl	немо	Sem heeft 8 pennen. en Bram?	Bram heeft 5 pennen.	
pl	немо	Anna ma 7 piłek. dała 2 piłki. ile jej zostało?	5 piłek: 7 − 2 = 5.	
es	немо	Elena tiene 11 flores. ¿qué has dicho?	repito: Elena tiene 11 flores.	
it	немо	Anna ha 15 uova, Luca ha 4 uova. che cosa succederebbe se fosse il contrario?	allora Anna avrebbe 4 uova e Luca avrebbe 15 uova.	
en	верно	Dan weighs 10 degrees. Dan loses 3 degrees away. how many degrees does Dan save?	Dan saves 7 degrees.	10 − 3 = 7
en	верно	Mary had 10 cookies. Mary got 3 cookies. how many cookies does Mary have now?	Mary has 13 cookies: 10 + 3 = 13.	10 + 3 = 13
en	немо	Grace has 3 times the amount of books that Dan has. Dan has 3 books. how many books does Grace hold now?	Grace holds 9 books.	
en	немо	Carlos had 20 coins. Carlos got 2 coins. what happens next?	Carlos has 22 coins: 20 + 2 = 22.	
en	ложь	Hugo has 1 more card than Elena. Elena has 3 cards. how many cards does Hugo own now?	Hugo owns 4 cards.	3
pt	немо	João tem 18 ovos. quantas tem Inês?	Inês tem 5 ovos.	
en	немо	Ava buys 5 cups at $7.15 each. how much does she pay in all?	5 × 715 = 3575 cents. 3575 cents is $35.75.	
pt	верно	na sexta-feira Maria encontrou 12 pedras na praia. quantas pedras Maria encontrou na praia na sexta-feira?	12.	12
de	немо	Laura hat 7,25 Euro. sie gab 2,67 Euro aus. wie viel Geld bleibt übrig?	725 − 267 = 458 Cent. 458 Cent sind 4,58 Euro.	
en	немо	Dima has 31 eggs, 53 balls as well as 8 apples. how many things does Dima have in all?	92 things: 31 + 53 = 84, 84 + 8 = 92.	
pl	немо	Paweł miał 8 jajek. Paweł oddał 2 jajka. Paweł ma 6 jajek. dlaczego tak myślisz?	bo było 8, a oddano 2: 8 − 2 = 6.	
other	немо	7 + 5 = 12. weet u het zeker?	ja: 12 − 5 = 7, dus 7 + 5 = 12.	
fr	немо	Anne a 13 œufs, 25 fleurs, 6 cartes. combien de choses a Anne en tout ?	44 choses : 13 + 25 = 38, 38 + 6 = 44.	
ru	немо	Ваня упаковывает 95 чашек каждый день. сколько чашек за 11 дней?	95 × 11 = 1045. значит ответ: 1045.	
de	немо	Anna kauft 2 Stifte zu je 4,40 Euro und 6 Tassen zu je 6,40 Euro. wie viel bezahlt sie insgesamt?	2 × 440 = 880, 6 × 640 = 3840, 880 + 3840 = 4720 Cent. 4720 Cent sind 47,20 Euro.	
fr	немо	Anne avait 42 livres. Anne a donné 27 livres. combien de livres restent ?	42 − 27 = 15. donc la réponse est 15.	
en	немо	Ben has 2 signatures. Felix has 3 signatures. how many signatures do Ben and Felix have in total?	Ben and Felix have 5 signatures: 2 + 3 = 5.	
en	верно	Felix weighs 7 pounds. Felix loses 1 pound away. how many pounds does Felix save?	Felix saves 6 pounds: 7 − 1 = 6.	7 − 1 = 6
ru	верно	пёс пробежал 31 шаг. лягушка пробежала 25 шагов. на сколько меньше шагов пробежала лягушка, чем пёс?	31 − 25 = 6. значит ответ: 6.	31 − 25 = 6
pt	немо	Maria tem 23 bolas, 3 livros, 20 moedas. quantas coisas Maria tem no total?	46 coisas: 23 + 3 = 26, 26 + 20 = 46.	
nl	немо	Sanne heeft 12 kaarten alsook 16 appels. hoeveel dingen heeft Sanne in totaal?	28 dingen: 12 + 16 = 28.	
en	верно	Greg had 23 balls. Greg gave away 2 balls. Greg has 21 balls. why do you think so?	because Greg had 23 and gave away 2: 23 − 2 = 21.	23
ru	немо	на площадке 15 детей. ушли домой 8 детей. сколько детей на площадке теперь?	7 детей: 15 − 8 = 7.	
fr	немо	Marie avait 13 ballons. Marie a donné 4 ballons. Marie a 9 ballons. pourquoi ?	parce que Marie en avait 13 et en a donné 4 : 13 − 4 = 9.	
nl	верно	Luuk heeft 6 munten. ben je het ermee eens?	ja, ik ben het ermee eens: Luuk heeft 6 munten.	6
es	немо	Lucía tiene 7 huevos, Carlos tiene 4 huevos. ¿qué pasaría si fuera al revés?	entonces Lucía tendría 4 huevos y Carlos tendría 7 huevos.	
