2026-09-11T18:39:49Z	1f9108eb08d9a6fabd64cb6218e803c30a5ab5febb2e9c834e63c0d9f2fedd8b	1099
2026-09-11T18:50:55Z	fea560d60cbf169099310585c79ff08ac66e7a9d9979c2e5b75380a01d55cfcd	1100
2026-09-11T19:05:13Z	c14ad4935172296d56022ff4af578711fc6db0916e07b9cdaca9d5d1bfe107ee	1104
2026-09-11T20:05:37Z	abba7d4ed9a645910e038cc65def7f14c3f8f5d9bdabf8e901c6f29b5ef2c7ae	1109
2026-09-11T20:15:13Z	8187c760cadb2f6716050ca2a538097fc178ef06c4fdc626780547e612263442	1109
2026-09-11T21:14:21Z	ea396b4a9e3a159b9dc5f16df58effd3a0e48961fe906b670c8c38d5e5d0a9b6	1109
2026-09-11T21:15:34Z	dff0de070830a5a9c004dc332e2606383215b0d8b5444145845c9dae0ba5be69	1561
2026-09-11T21:15:34Z	dc81b1b6d03ddb1d1411a5f80466d3fccb42f740d601573533406213bcfaa901	1561
2026-09-11T21:15:58Z	5397c5250c5515e63d9b4e4eb01fb5a5321192c0de9f633ec87840836fc69829	1106
2026-09-11T21:34:39Z	e0debd7e7132d838e6fc24a674ad31f4152ea54f278ad060e953a8b88853e7e0	1108
2026-09-11T21:36:33Z	7e652dc9f3ce448c16c88fd7d8dca3756a08ab2487de4d2ccd591df4664c1bc4	1108
2026-09-12T01:01:14Z	86a2542392c913a9b63f8603b9ad7e39d3dd69b23148554bfb5f759ee9db69ca	1115
2026-09-12T03:15:55Z	a43605546d7ba1ad04af1eb1eb1c53ad1eb3a3e791514aa2c7eadf19df2ca15c	1116
2026-09-12T03:59:01Z	746b5b74f3ef54762311b095f6089afc12adbeba9415e00fc8947e8f1e9b3ab7	1120
2026-09-12T06:36:49Z	251dfe174ab1d2eebbf3eba051a3788067cf4deaf4f1da12e3be93654429caaa	1134
2026-09-12T06:39:21Z	c00a3af0202421dcfbb588c5675e548d428dc86ba59bd0e8d87b1fd270b4a178	1134
2026-09-12T07:17:00Z	899b0dd0cd2f53e76268d1588ef701059f25d8e32760150dccbd9983c60dd166	1148
2026-09-12T10:28:35Z	cda84dc9667b5ccecedc2f158a09c85a22dd294e6e6ba5d1ea295dda4527297f	1179
2026-09-12T10:38:57Z	1db75f62efc4840b1701d220980cb0212d6792a48e23ab5fce89f1909e89033f	1188
2026-09-12T11:08:30Z	dd492fae26d9171781181f6dde026ef838ec52430d356b583774bb8d4ba117f9	1197
2026-09-12T11:17:05Z	1ac08dc171b1f18e983cdf7f0281cfd6e48430be31e57d8d87d54be3d0cb9837	1197
2026-09-12T11:44:10Z	fd83541e109edfb802db86d5575c937ebc6043c1619bb5ae2cec9a6c78dc05c0	1197
2026-09-12T11:57:15Z	219b4f622c9c510344a9d45bb664f432edadc9c84b3a6e6de4b03ae5b4d3e728	1201
2026-09-12T12:10:38Z	391f4516027160c6e9f5da16805d728811ac8dac63399c24e152fe804243f046	1218
2026-09-12T12:25:19Z	fcd106376950c6197e31a3ccce0674490214741deea4540ca9186ff94243c4ca	1223
2026-09-12T12:26:06Z	dca8fae2279c7d939cfdc769f075577afbd52ea8df64121de6c57762c993bfaa	1223
2026-09-12T12:28:13Z	27bc9a14f26a2aeef061bf69e0a54960b30171929b529b7e04ee56e89d9d667a	1223
2026-09-12T12:29:34Z	69b5d802f301bf11ac092b458ff2cdcf53720b57ae2033167ef998cb813d398c	1223
2026-09-12T12:31:34Z	24e3525d59579b904a9edb1163540c567048bd7f0aa557e1f6f62059a8021000	1223
2026-09-12T12:38:00Z	6adc48d004e2f57e6f941d84eac80b9d23d42a91adbe409aa449200f86e88615	1223
2026-09-12T12:38:44Z	a7fb941a3356486257980147746f3dfa0c486b552d307f632ad17a257f11f6f3	1223
2026-09-12T12:39:25Z	489f9fa462981ef7aba4ca59e645a39b3900100f28a4974f5be0c677210b1cfa	1223
2026-09-12T12:42:52Z	59fc50971814bbffad44ce794148c038f983c8b0a30544978c1280bb895b42e1	1223
2026-09-12T12:44:31Z	97638761f4232c4c1aa96b7cc953948ea306ce9895eee6575d5a18d1e910b548	1223
2026-09-12T12:46:11Z	6d9d09c28204192c5467f6dd7d6a21895b5c3b2b0277b2066663dd161d2b1a3d	1223
2026-09-12T13:30:41Z	d76511aca6342f61fb66b5a90feff62c5f75c06a800af66e17f74ebf200904f3	1239
2026-09-12T13:59:44Z	ae5249db18ad0958872a7f2a809702fcc4c9fa5402ea6a7315a37b33771a2102	1241
2026-09-12T19:44:31Z	eb6bd8efc63672c6c59ce89979114e6c96121446f5bac02b6a211cf9f16e3315	1269
2026-09-12T19:47:35Z	bc3745e7362f7ea55bebd000f8283d1e2d3869a9d2d504582d664c5f05e62578	1270
2026-09-12T20:11:10Z	b86dad2a5712a1c351a0bdab6a80e16721896acc11da267bae600012218b0ea2	1276
