2026-09-12T20:15:55Z	arith_court.py	285	285	0
2026-09-12T20:15:59Z	algo_court.py	4	4	1
2026-09-12T21:54:27Z	arith_court.py	445	445	1
2026-09-12T21:54:31Z	algo_court.py	4	4	1
2026-09-12T21:55:56Z	formula_court.py	84	84	1
2026-09-12T21:56:02Z	logic_court.py	6	6	1
2026-09-12T21:56:05Z	physics_court.py	2	2	1
2026-09-12T21:56:09Z	cyber_court.py	4	4	1
2026-09-12T21:56:15Z	agreement_court.py	6	6	60
2026-09-12T21:56:19Z	notation_court.py	4	4	1
2026-09-12T21:56:21Z	unit_court.py	2	2	1
2026-09-12T21:56:23Z	number_court.py	2	2	1
2026-09-12T21:56:27Z	inquiry_court.py	4	4	1
2026-09-12T21:56:28Z	surfaces_court.py	1	1	1
2026-09-12T21:56:30Z	markdown_court.py	2	2	1
2026-09-12T21:56:31Z	doctree_court.py	1	1	1
2026-09-12T21:56:34Z	rates_court.py	3	3	1
2026-09-12T21:56:38Z	formula_lang_court.py	4	4	1
2026-09-12T21:56:41Z	percent_court.py	3	3	1
2026-09-12T21:56:42Z	average_court.py	1	1	1
2026-09-12T21:56:47Z	equation_court.py	5	5	1
2026-09-12T21:56:49Z	dataformat_court.py	2	2	1
2026-09-12T21:56:55Z	everyday_court.py	6	6	1
2026-09-12T21:56:56Z	story_chain_court.py	1	1	1
2026-09-12T21:56:58Z	age_court.py	2	2	1
2026-09-12T21:57:01Z	halves_court.py	3	3	1
2026-09-12T21:57:04Z	inquiry_de_fr_court.py	3	3	1
2026-09-12T21:57:05Z	ru_conversion_court.py	1	1	1
2026-09-12T21:57:06Z	selfmeasure_court.py	1	1	1
2026-09-12T21:57:08Z	ru_compare_court.py	1	1	1
2026-09-12T21:57:09Z	ru_story_court.py	1	1	1
2026-09-12T21:57:12Z	inquiry_es_it_court.py	3	3	1
2026-09-12T21:57:15Z	share_court.py	3	3	1
2026-09-12T21:57:18Z	compare_mult_court.py	3	3	1
2026-09-12T21:57:22Z	sequence_court.py	4	4	1
2026-09-12T21:57:26Z	geometry_court.py	4	4	1
2026-09-12T21:57:30Z	linalg_court.py	4	4	1
2026-09-12T21:57:32Z	calendar_court.py	2	2	1
2026-09-12T21:57:35Z	speech_court.py	3	3	1
2026-09-12T21:57:46Z	rugram_court.py	11	11	1
2026-09-12T21:57:51Z	physlaw_court.py	5	5	1
2026-09-12T21:57:55Z	compsci_court.py	4	4	1
2026-09-12T21:57:56Z	case_court.py	1	1	1
2026-09-12T21:57:59Z	valence_court.py	3	3	1
2026-09-12T21:58:01Z	shadow_court.py	2	2	1
2026-09-12T21:59:01Z	syllabus_court.py	60	60	1
2026-09-12T21:59:26Z	richness_court.py	25	25	1
2026-09-12T21:59:44Z	langpack_court.py	18	18	14
2026-09-12T21:59:45Z	langrule_court.py	1	1	1
2026-09-12T22:10:37Z	claims_court.py	652	652	1
2026-09-12T22:10:40Z	program_court.py	3	3	1
2026-09-12T22:10:44Z	statistics_court.py	4	4	1
2026-09-12T22:10:47Z	proof_court.py	3	3	1
2026-09-12T22:10:50Z	machine_court.py	3	3	1
2026-09-12T22:11:00Z	episode_court.py	10	10	1
2026-09-12T22:11:04Z	copula_court.py	4	4	1
2026-09-12T22:11:07Z	markup_court.py	3	3	1
2026-09-12T22:11:26Z	langlayer_court.py	19	19	1
2026-09-12T22:11:27Z	langform_court.py	1	1	1
2026-09-12T22:11:29Z	gsm_census.py	1	1	1
2026-09-12T22:13:34Z	reproducible.py	125	125	1
2026-09-12T22:13:35Z	bash32_court.py	1	1	4
2026-09-12T22:13:37Z	empty_in_court.py	2	2	1
2026-09-12T22:13:39Z	lawfirst_court.py	2	2	1
2026-09-12T22:13:48Z	sign_intact.py	9	9	1
2026-09-12T22:14:25Z	property_named.py	37	37	1
2026-09-12T22:14:26Z	ladder_full.py	1	1	1
2026-09-12T22:14:34Z	name_crossed.py	8	8	1
2026-09-12T22:14:35Z	genre_measured.py	1	1	9
2026-09-12T22:14:38Z	second_copy.py	3	3	1
2026-09-12T22:14:39Z	margin_census.py	1	1	3
2026-09-12T22:14:40Z	reports_index.py	1	1	1
2026-09-12T22:14:42Z	law_atlas.py	1	1	1
2026-09-12T22:14:43Z	court_atlas.py	1	1	2
2026-09-12T22:14:44Z	permuted_fresh.py	1	1	1
2026-09-12T22:14:45Z	build_dated.py	1	1	5
2026-09-12T22:14:46Z	probe_present.py	1	1	1
2026-09-12T22:14:47Z	court_voice.py	1	1	1
2026-09-12T22:14:48Z	suite_guard.py	1	1	2
2026-09-12T22:14:49Z	forge_claim.py	1	1	1
2026-09-12T22:14:50Z	broken_law.py	1	1	1
2026-09-12T22:14:56Z	house_api.py	6	6	1
2026-09-12T22:14:57Z	json_hand.py	1	1	1
2026-09-12T22:14:58Z	suite_resume.py	1	1	1
2026-09-12T22:15:01Z	readme_court.py	3	3	1
2026-09-12T22:21:16Z	arith_debt.py	375	375	46
2026-09-12T22:21:17Z	twin_world.py	1	1	4
2026-09-12T22:21:19Z	orphan_world.py	2	2	1
2026-09-12T22:21:25Z	genus_shown.py	6	6	1
2026-09-12T22:21:26Z	oracle_named.py	1	1	1
2026-09-12T22:21:27Z	world_atlas.py	1	1	2
2026-09-12T22:21:28Z	trap_series.py	1	1	72
2026-09-12T22:23:34Z	house_selfcheck.py	126	126	1
2026-09-12T22:23:36Z	manifest_court.py	2	2	1
2026-09-12T23:05:22Z	prose_court.py	2506	2505	225
2026-09-12T23:05:26Z	mutants.py	4	1	20
2026-09-12T23:05:28Z	lexicon_reach.py	2	2	2
2026-09-12T23:05:31Z	inquiry_pt_nl_court.py	3	3	1
2026-09-12T23:05:34Z	inquiry_pl_tr_court.py	3	3	1
2026-09-12T23:05:37Z	metalang_court.py	3	3	1
2026-09-12T23:05:38Z	glyph_court.py	1	1	1
2026-09-12T23:05:40Z	space_court.py	1	1	1
2026-09-12T23:05:41Z	stenogram_court.py	1	1	1
2026-09-12T23:05:42Z	mathspaces_court.py	1	1	1
2026-09-12T23:05:43Z	gsmforms_court.py	1	1	1
2026-09-12T23:05:53Z	definitions_court.py	10	10	1
2026-09-12T23:05:54Z	pronoun_court.py	1	1	1
2026-09-12T23:05:55Z	money_court.py	1	1	1
2026-09-12T23:05:56Z	holes_court.py	1	1	1
2026-09-12T23:05:57Z	money_langs_court.py	1	1	1
2026-09-12T23:05:58Z	geometry_langs_court.py	1	1	1
2026-09-12T23:05:59Z	units_langs_court.py	1	1	1
2026-09-12T23:06:00Z	stats_langs_court.py	1	1	1
2026-09-12T23:06:01Z	calendar_langs_court.py	1	1	1
2026-09-12T23:06:02Z	sequences_langs_court.py	1	1	1
2026-09-12T23:06:03Z	compare_langs_court.py	1	1	1
2026-09-12T23:06:05Z	share_langs_court.py	1	1	1
2026-09-12T23:06:06Z	physics_langs_court.py	1	1	1
2026-09-12T23:06:10Z	relation_court.py	4	4	1
2026-09-12T23:17:25Z	court_mutants.py	675	10	276
2026-09-12T23:17:28Z	panel_court.py	3	3	1
2026-09-12T23:17:31Z	concept_reach.py	3	3	22
2026-09-12T23:21:37Z	ask_reach.py	246	246	1
2026-09-12T23:21:39Z	band_reach.py	2	2	318
2026-09-12T23:21:40Z	biblio_reach.py	1	1	48
2026-09-12T23:21:44Z	ruverbs_court.py	4	4	1
2026-09-12T23:21:55Z	script_court.py	11	11	1
2026-09-12T23:24:55Z	word_mutants.py	179	179	10
2026-09-12T23:27:28Z	verdict_cover.py	153	152	28
2026-09-12T23:30:00Z	sentence_cover.py	152	152	1
2026-09-12T23:30:09Z	bench_leak.py	9	9	7
2026-09-12T23:33:44Z	shelf_court.py	215	215	206
2026-09-12T23:40:30Z	ask_width.py	406	406	402
2026-09-12T23:40:33Z	notationvar_court.py	3	3	1
2026-09-12T23:42:25Z	prosetree_court.py	112	1	238
2026-09-12T23:42:26Z	longdiv_court.py	1	1	1
2026-09-12T23:45:03Z	form_census.py	157	157	60
2026-09-12T23:45:08Z	houses_census.py	5	5	745
2026-09-12T23:46:53Z	mass_census.py	105	105	49
2026-09-12T23:46:54Z	verbthings_court.py	1	1	1
2026-09-13T00:05:11Z	coverage.py	1097	1096	1
2026-09-13T00:05:12Z	behavior_court.py	1	1	1
2026-09-13T00:05:13Z	topics_court.py	1	1	1
2026-09-13T00:05:14Z	nature_court.py	1	1	1
2026-09-13T00:05:15Z	links_court.py	1	1	1
2026-09-13T00:05:16Z	scale_court.py	1	1	1
2026-09-13T00:05:17Z	opposites_court.py	1	1	1
2026-09-13T00:05:18Z	roles_court.py	1	1	1
2026-09-13T00:05:19Z	joints_court.py	1	1	1
2026-09-13T00:05:20Z	dialogue_court.py	1	1	1
2026-09-13T00:05:21Z	worldfacts_court.py	1	1	1
2026-09-13T00:05:22Z	infer_court.py	1	1	1
2026-09-13T00:05:24Z	circle_probe.py	2	2	1
2026-09-13T00:05:25Z	agree_probe.py	1	1	1
2026-09-13T00:05:26Z	shelf_declare.py	1	1	1
2026-09-13T00:08:48Z	house_reach.py	202	202	2
2026-09-13T00:08:50Z	head_census.py	2	2	15
2026-09-13T00:08:51Z	form_matrix.py	1	1	3
2026-09-13T00:08:52Z	disj_court.py	1	1	1
2026-09-13T00:08:53Z	indu_court.py	1	1	1
2026-09-13T00:08:54Z	houseshows_court.py	1	1	1
2026-09-13T00:08:55Z	article_court.py	1	1	1
2026-09-13T00:08:57Z	rowframe_court.py	2	2	1
2026-09-13T00:08:59Z	opchoice_court.py	2	2	1
2026-09-13T00:09:00Z	chance_court.py	1	1	1
2026-09-13T00:09:01Z	lever_court.py	1	1	1
2026-09-13T00:09:03Z	zerodiv_court.py	2	2	1
2026-09-13T00:09:04Z	bound_court.py	1	1	1
2026-09-13T00:09:05Z	prec_court.py	1	1	1
2026-09-13T00:09:06Z	estim_court.py	1	1	1
2026-09-13T00:09:08Z	both_court.py	1	1	1
2026-09-13T00:09:09Z	likely_court.py	1	1	1
2026-09-13T00:09:10Z	sameshare_court.py	1	1	1
2026-09-13T00:09:12Z	factor_court.py	2	2	1
2026-09-13T00:09:13Z	amend_court.py	1	1	1
2026-09-13T00:09:15Z	divrule_court.py	2	2	1
2026-09-13T00:09:17Z	reduce_court.py	2	2	1
2026-09-13T00:09:19Z	cmpshare_court.py	2	2	1
2026-09-13T00:09:22Z	wholeshare_court.py	3	3	1
2026-09-13T00:09:24Z	addshare_court.py	2	2	1
2026-09-13T00:09:26Z	mulshare_court.py	2	2	1
2026-09-13T00:09:28Z	divshare_court.py	2	2	1
2026-09-13T00:09:30Z	neg_court.py	2	2	1
2026-09-13T00:09:33Z	signrul_court.py	3	3	1
2026-09-13T00:09:35Z	opslaw_court.py	2	2	1
2026-09-13T00:09:38Z	signadd_court.py	3	3	1
2026-09-13T00:09:40Z	pow_court.py	2	2	1
2026-09-13T00:09:42Z	dec_court.py	2	2	1
2026-09-13T00:09:44Z	abs_court.py	2	2	1
2026-09-13T00:09:48Z	handy_court.py	3	3	1
2026-09-13T00:09:50Z	prop_court.py	2	2	1
2026-09-13T00:09:53Z	rem_court.py	3	3	1
2026-09-13T00:09:54Z	parity_court.py	1	1	1
2026-09-13T00:09:56Z	pctchange_court.py	2	2	1
2026-09-13T00:09:58Z	pctdiff_court.py	2	2	1
2026-09-13T00:10:00Z	mapscale_court.py	2	2	1
2026-09-13T00:10:02Z	divsense_court.py	2	2	1
2026-09-13T00:10:05Z	plaus_court.py	3	3	1
2026-09-13T00:10:07Z	point_court.py	2	2	1
2026-09-13T00:10:09Z	need_court.py	2	2	1
2026-09-13T00:10:12Z	inverse_court.py	3	3	1
2026-09-13T00:10:14Z	ceilfloor_court.py	2	2	1
2026-09-13T00:10:16Z	unitcmp_court.py	2	2	1
2026-09-13T00:10:19Z	placeval_court.py	3	3	1
2026-09-13T00:10:22Z	digitlen_court.py	3	3	1
2026-09-13T00:10:23Z	nesuf_court.py	1	1	1
2026-09-13T00:10:26Z	numlabel_court.py	2	2	1
2026-09-13T00:10:28Z	onestep_court.py	2	2	1
2026-09-13T00:10:29Z	closure_court.py	1	1	1
2026-09-13T00:10:30Z	dist_court.py	1	1	1
2026-09-13T00:10:31Z	primewalk_court.py	1	1	1
2026-09-13T00:10:32Z	orderlaw_court.py	1	1	1
2026-09-13T00:10:33Z	gender_court.py	1	1	1
2026-09-13T00:10:34Z	measureprec_court.py	1	1	1
2026-09-13T00:10:35Z	chancetrap_court.py	1	1	1
2026-09-13T00:10:36Z	ratetrap_court.py	1	1	1
2026-09-13T00:10:37Z	negquant_court.py	1	1	1
2026-09-13T00:10:38Z	measuregrow_court.py	1	1	1
2026-09-13T00:10:39Z	dim_court.py	1	1	1
2026-09-13T00:10:40Z	fence_court.py	1	1	1
2026-09-13T00:10:41Z	measure_court.py	1	1	1
2026-09-13T00:10:42Z	turn_court.py	1	1	1
2026-09-13T00:10:43Z	overlap_court.py	1	1	1
2026-09-13T00:10:44Z	wmean_court.py	1	1	1
2026-09-13T00:10:45Z	cond_court.py	1	1	1
2026-09-13T00:10:46Z	numline_court.py	1	1	1
2026-09-13T00:10:47Z	squnit_court.py	1	1	1
2026-09-13T00:10:49Z	pctbase_court.py	2	2	1
2026-09-13T00:10:50Z	leap_court.py	1	1	1
2026-09-13T00:10:51Z	tzone_court.py	1	1	1
2026-09-13T00:10:52Z	median_court.py	1	1	1
2026-09-13T00:10:53Z	angle_court.py	1	1	1
2026-09-13T00:10:54Z	homo_court.py	1	1	1
2026-09-13T00:10:55Z	direct_court.py	1	1	1
2026-09-13T00:10:56Z	analog_court.py	1	1	1
2026-09-13T00:10:57Z	reply_court.py	1	1	1
2026-09-13T00:12:00Z	register_pairs.py	63	6	9
2026-09-13T00:12:07Z	register_purity.py	7	7	10
2026-09-13T00:12:12Z	prefix_traps.py	5	1	151
2026-09-13T00:12:17Z	sign_traps.py	5	5	95
2026-09-13T00:12:18Z	strat_slice.py	1	1	1
2026-09-13T00:14:38Z	house_rejects.py	140	3	255
2026-09-13T00:14:39Z	root_passport.py	1	1	8
2026-09-13T00:14:40Z	pack_singular_risk.py	1	1	2
2026-09-13T00:14:41Z	cell_shown.py	1	1	13
2026-09-13T00:14:45Z	idle_word.py	4	2	31
2026-09-13T00:14:46Z	form_unshown.py	1	1	2
2026-09-13T00:14:48Z	one_singular.py	2	2	7
2026-09-13T00:14:49Z	template_word.py	1	1	3
2026-09-13T00:14:50Z	signless_census.py	1	1	12
2026-09-13T00:15:36Z	operator_share.py	46	46	10
2026-09-13T00:15:37Z	key_support.py	1	1	2
2026-09-13T00:15:42Z	house_mutant.py	5	5	1
2026-09-13T00:41:57Z	court_catch.py	1575	1575	22
2026-09-13T00:42:03Z	agree_skew.py	6	6	1
2026-09-13T00:42:16Z	twogender.py	13	13	1
2026-09-13T00:42:17Z	countlaw_court.py	1	1	1
2026-09-13T00:42:18Z	elision_court.py	1	1	1
2026-09-13T00:42:19Z	soundarticle_court.py	1	1	1
2026-09-13T00:42:20Z	plcopula_court.py	1	1	1
2026-09-13T00:42:21Z	hay_court.py	1	1	1
2026-09-13T00:42:22Z	serestar_court.py	1	1	1
2026-09-13T00:42:23Z	dosupport_court.py	1	1	1
2026-09-13T00:42:24Z	fuseprep_court.py	1	1	1
2026-09-13T00:42:25Z	nlarticle_court.py	1	1	1
2026-09-13T00:42:26Z	decase_court.py	1	1	1
2026-09-13T00:42:27Z	swclass_court.py	1	1	1
2026-09-13T00:42:28Z	idredup_court.py	1	1	1
2026-09-13T00:42:29Z	zhclass_court.py	1	1	1
2026-09-13T00:42:30Z	trharm_court.py	1	1	1
2026-09-13T00:42:31Z	viclass_court.py	1	1	1
2026-09-13T00:42:32Z	koparticle_court.py	1	1	1
2026-09-13T00:42:36Z	corpusword_court.py	4	4	1
2026-09-13T00:42:38Z	ukcount_court.py	1	1	1
2026-09-13T00:42:39Z	jaclass_court.py	1	1	1
2026-09-13T00:42:40Z	fipart_court.py	1	1	1
2026-09-13T00:42:41Z	deplur_court.py	1	1	1
2026-09-13T00:42:42Z	half_law.py	1	1	5
2026-09-13T00:42:49Z	unknown_name.py	7	7	7
2026-09-13T00:46:48Z	stale_world.py	239	239	1
2026-09-13T00:47:50Z	agree_traps.py	62	62	1
2026-09-13T00:47:51Z	wrong_sign.py	1	1	1
2026-09-13T00:47:52Z	debt_mark.py	1	1	6
2026-09-13T00:48:26Z	copula_band.py	34	30	10
2026-09-13T00:48:35Z	past_gender.py	9	9	11
2026-09-13T00:48:41Z	word_once.py	6	6	14
2026-09-13T00:48:47Z	article_sound.py	6	4	3
2026-09-13T00:48:49Z	elision.py	2	2	3
2026-09-13T00:48:50Z	threshold_census.py	1	1	6
2026-09-13T00:48:51Z	denominator_census.py	1	1	2
2026-09-13T00:48:52Z	ledger_mute.py	1	1	6
2026-09-13T00:48:56Z	refusal_reason.py	4	4	1
2026-09-13T00:49:00Z	house_skew.py	4	4	5
2026-09-13T00:51:29Z	court_split.py	149	149	11
2026-09-13T00:51:30Z	repeat_census.py	1	1	14
2026-09-13T00:51:34Z	definitions_reach.py	4	4	10
2026-09-13T00:51:35Z	copies_census.py	1	1	6
2026-09-13T00:51:36Z	sweep_self.py	1	1	21
2026-09-13T01:05:37Z	court_reach.py	841	841	1
2026-09-13T01:05:41Z	holdout_key.py	4	4	2
2026-09-13T01:05:42Z	holdforms_court.py	1	1	1
2026-09-13T01:05:43Z	cmpframes_court.py	1	1	1
2026-09-13T01:05:45Z	sceneforms_court.py	2	2	1
2026-09-13T01:05:46Z	toolforms_court.py	1	1	1
2026-09-13T01:05:47Z	verifyforms_court.py	1	1	1
2026-09-13T01:05:48Z	planforms_court.py	1	1	1
2026-09-13T01:05:50Z	episodeforms_court.py	2	2	1
2026-09-13T01:05:52Z	summaryforms_court.py	2	2	1
2026-09-13T01:05:53Z	opforms_court.py	1	1	1
2026-09-13T01:05:54Z	readnum_court.py	1	1	1
2026-09-13T01:05:55Z	mandateforms_court.py	1	1	1
2026-09-13T01:05:57Z	personforms_court.py	2	2	1
2026-09-13T01:05:59Z	selfmodelforms_court.py	2	2	1
2026-09-13T01:06:00Z	signedworld_court.py	1	1	1
2026-09-13T01:06:01Z	beforetails_court.py	1	1	1
2026-09-13T01:06:03Z	discountroad_court.py	1	1	1
2026-09-13T01:06:06Z	nomention_court.py	3	3	1
2026-09-13T01:06:07Z	clockforms_court.py	1	1	1
2026-09-13T01:06:08Z	mixedunits_court.py	1	1	1
2026-09-13T01:06:09Z	dateforms_court.py	1	1	1
2026-09-13T01:06:10Z	clockwords_court.py	1	1	1
2026-09-13T01:06:11Z	speedforms_court.py	1	1	1
2026-09-13T01:06:12Z	roundforms_court.py	1	1	1
2026-09-13T01:06:13Z	orderforms_court.py	1	1	1
2026-09-13T01:06:14Z	quantforms_court.py	1	1	1
2026-09-13T01:06:15Z	roman_court.py	1	1	1
2026-09-13T01:06:16Z	place_court.py	1	1	1
2026-09-13T01:06:17Z	unitfrac_court.py	1	1	1
2026-09-13T01:06:18Z	enough_court.py	1	1	1
2026-09-13T01:06:19Z	numphrase_court.py	1	1	1
2026-09-13T01:06:20Z	kinbearer_court.py	1	1	1
2026-09-13T01:06:21Z	pronobject_court.py	1	1	1
2026-09-13T01:06:22Z	proform_court.py	1	1	1
2026-09-13T01:06:23Z	degrees_court.py	1	1	1
2026-09-13T01:06:24Z	actturn_court.py	1	1	1
2026-09-13T01:06:25Z	tempscale_court.py	1	1	1
2026-09-13T01:06:27Z	action_measure_court.py	2	2	1
2026-09-13T01:06:28Z	numberline_court.py	1	1	1
2026-09-13T01:06:29Z	countfacts_court.py	1	1	1
2026-09-13T01:06:30Z	letters_court.py	1	1	1
2026-09-13T01:07:31Z	langcount_court.py	61	61	1
2026-09-13T01:07:32Z	propcompare_court.py	1	1	1
2026-09-13T01:07:33Z	price_court.py	1	1	1
2026-09-13T01:07:34Z	translate_court.py	1	1	1
2026-09-13T01:07:35Z	timeunits_court.py	1	1	1
2026-09-13T01:07:36Z	svamp_court.py	1	1	1
2026-09-13T01:07:37Z	measure_langs_court.py	1	1	1
2026-09-13T01:07:38Z	partial_guard.py	1	1	20
2026-09-13T03:27:32Z	arith_court.py	441	441	1
2026-09-13T03:27:37Z	algo_court.py	5	5	1
2026-09-13T03:29:00Z	formula_court.py	82	82	1
2026-09-13T03:29:07Z	logic_court.py	6	6	1
2026-09-13T03:29:09Z	physics_court.py	2	2	1
2026-09-13T03:29:13Z	cyber_court.py	4	4	1
2026-09-13T03:29:18Z	agreement_court.py	5	5	59
2026-09-13T03:29:22Z	notation_court.py	4	4	1
2026-09-13T03:29:24Z	unit_court.py	2	2	1
2026-09-13T03:29:26Z	number_court.py	2	2	1
2026-09-13T03:29:30Z	inquiry_court.py	4	4	1
2026-09-13T03:29:31Z	surfaces_court.py	1	1	1
2026-09-13T03:29:33Z	markdown_court.py	2	2	1
2026-09-13T03:29:34Z	doctree_court.py	1	1	1
2026-09-13T03:29:37Z	rates_court.py	3	3	1
2026-09-13T03:29:40Z	formula_lang_court.py	3	3	1
2026-09-13T03:29:43Z	percent_court.py	3	3	1
2026-09-13T03:29:45Z	average_court.py	1	1	1
2026-09-13T03:29:50Z	equation_court.py	5	5	1
2026-09-13T03:29:52Z	dataformat_court.py	2	2	1
2026-09-13T03:29:58Z	everyday_court.py	6	6	1
2026-09-13T03:29:59Z	story_chain_court.py	1	1	1
2026-09-13T03:30:01Z	age_court.py	2	2	1
2026-09-13T03:30:03Z	halves_court.py	2	2	1
2026-09-13T03:30:08Z	inquiry_de_fr_court.py	5	5	1
2026-09-13T03:30:09Z	ru_conversion_court.py	1	1	1
2026-09-13T03:30:10Z	selfmeasure_court.py	1	1	1
2026-09-13T03:30:11Z	ru_compare_court.py	1	1	1
2026-09-13T03:30:12Z	ru_story_court.py	1	1	1
2026-09-13T03:30:16Z	inquiry_es_it_court.py	3	3	1
2026-09-13T03:30:19Z	share_court.py	3	3	1
2026-09-13T03:30:22Z	compare_mult_court.py	3	3	1
2026-09-13T03:30:26Z	sequence_court.py	4	4	1
2026-09-13T03:30:30Z	geometry_court.py	4	4	1
2026-09-13T03:30:34Z	linalg_court.py	4	4	1
2026-09-13T03:30:36Z	calendar_court.py	2	2	1
2026-09-13T03:30:39Z	speech_court.py	3	3	1
2026-09-13T03:30:49Z	rugram_court.py	10	10	1
2026-09-13T03:30:53Z	physlaw_court.py	4	4	1
2026-09-13T03:30:57Z	compsci_court.py	4	4	1
2026-09-13T03:30:58Z	case_court.py	1	1	1
2026-09-13T03:31:02Z	valence_court.py	4	4	1
2026-09-13T03:31:04Z	shadow_court.py	2	2	1
2026-09-13T03:31:59Z	syllabus_court.py	55	55	1
2026-09-13T03:32:26Z	richness_court.py	27	27	1
2026-09-13T03:32:45Z	langpack_court.py	19	19	14
2026-09-13T03:32:46Z	langrule_court.py	1	1	1
